experiment_id,task_id,model_name,response,ref_solution,design_rtl,output_tb,user_prompt,cot_response
nl2sva_machine,nl2sva_machine_0_0,gpt-4-turbo,"<CODE>
assert property(@(posedge clk)
    ((sig_E == (sig_B == (sig_C ^ ~sig_H))) == ((sig_A == !sig_J) || sig_B))
);
</CODE>","assert property(@(posedge clk)
	((sig_E < (sig_B == (sig_C ^ ~|sig_H))) == ((|sig_A === !sig_J) || sig_B))
);","
","module dummy (
clk, reset_, 
sig_A,
sig_B,
sig_C,
sig_D,
sig_E
);

input clk;
input reset_;//clock and reset
input sig_A;  
input sig_B;
input sig_C;
input sig_D;  
input sig_E;

logic sig_F;
logic sig_G;
logic sig_H;
logic sig_I;
logic sig_J;

wire tb_reset;
assign tb_reset = (reset_ == 1'b0);

assign sig_F = sig_A;
assign sig_G = sig_B;
assign sig_H = sig_C;
assign sig_I = sig_D;
assign sig_J = sig_E;





//Question: Create a SVA assertion that checks: If the value of sig_E, obtained by comparing sig_B and sig_C xor the negation of sig_H, is equal to the value obtained by comparing sig_A and the negation of sig_J or sig_B, then the assertion holds
//
//Do not add code to output an error message string.
//Enclose your SVA code with <CODE> and </CODE>. Only output the code snippet and do NOT output anything else.
//
//Answer:
//

assert property(@(posedge clk)
	((sig_E < (sig_B == (sig_C ^ ~|sig_H))) == ((|sig_A === !sig_J) || sig_B))
);


assert property(@(posedge clk)
    ((sig_E == (sig_B == (sig_C ^ ~sig_H))) == ((sig_A == !sig_J) || sig_B))
);


endmodule","As an example:

Question: Create a SVA assertion that checks: Whenever sig_A is high and sig_B is low, sig_C will be high on the next clock edge.
Do not add code to output an error message string.
Enclose your SVA code with <CODE> and </CODE>. Only output the code snippet and do NOT output anything else.

Answer:
<CODE>
assert property(@(posedge clk)
    (sig_A && !sig_B) |-> sig_C
);
</CODE>

Question: Create a SVA assertion that checks: If sig_C contains at least one '1' bit or sig_D is not equal to sig_A, then sig_F must eventually be true
Do not add code to output an error message string.
Enclose your SVA code with <CODE> and </CODE>. Only output the code snippet and do NOT output anything else.

Answer:
<CODE>
assert property(@(posedge clk)
    (|sig_C || (sig_D !== sig_A )) |=> s_eventually(sig_F)
);
</CODE>

Question: Create a SVA assertion that checks: ""Whenever the value of sig_J is less than the result of the XOR operation between sig_C and the negation of the bitwise negation of sig_H, and this result is equal to the result of the OR operation between the identity comparison of sig_A and the negation of sig_J and sig_B, the assertion is true
Do not add code to output an error message string.
Enclose your SVA code with <CODE> and </CODE>. Only output the code snippet and do NOT output anything else.

Answer:
<CODE>
assert property(@(posedge clk)
	((sig_J < (sig_B == (sig_C ^ ~|sig_H))) == ((|sig_A === !sig_J) || sig_B))
);
</CODE>


Question: Create a SVA assertion that checks: If the value of sig_E, obtained by comparing sig_B and sig_C xor the negation of sig_H, is equal to the value obtained by comparing sig_A and the negation of sig_J or sig_B, then the assertion holds

Do not add code to output an error message string.
Enclose your SVA code with <CODE> and </CODE>. Only output the code snippet and do NOT output anything else.

Answer:
","cot_response
"
nl2sva_machine,nl2sva_machine_0_1,gpt-4-turbo,"<CODE>
assert property(@(posedge clk)
    ((sig_E < (sig_B == (sig_C ^ ~|sig_H))) == ((|sig_A === !sig_J) || sig_B))
);
</CODE>","assert property(@(posedge clk)
	((sig_E < (sig_B == (sig_C ^ ~|sig_H))) == ((|sig_A === !sig_J) || sig_B))
);","
","module dummy (
clk, reset_, 
sig_A,
sig_B,
sig_C,
sig_D,
sig_E
);

input clk;
input reset_;//clock and reset
input sig_A;  
input sig_B;
input sig_C;
input sig_D;  
input sig_E;

logic sig_F;
logic sig_G;
logic sig_H;
logic sig_I;
logic sig_J;

wire tb_reset;
assign tb_reset = (reset_ == 1'b0);

assign sig_F = sig_A;
assign sig_G = sig_B;
assign sig_H = sig_C;
assign sig_I = sig_D;
assign sig_J = sig_E;





//Question: Create a SVA assertion that checks: If the value of sig_E is less than the result obtained from comparing sig_B with the bitwise XOR of sig_C and the negation of the bitwise OR of sig_H, and this result is equal to the result obtained from either comparing the bitwise OR of sig_A with the negation of sig_J or comparing sig_B itself, then the assertion is true
//
//Do not add code to output an error message string.
//Enclose your SVA code with <CODE> and </CODE>. Only output the code snippet and do NOT output anything else.
//
//Answer:
//

assert property(@(posedge clk)
	((sig_E < (sig_B == (sig_C ^ ~|sig_H))) == ((|sig_A === !sig_J) || sig_B))
);


assert property(@(posedge clk)
    ((sig_E < (sig_B == (sig_C ^ ~|sig_H))) == ((|sig_A === !sig_J) || sig_B))
);


endmodule","As an example:

Question: Create a SVA assertion that checks: Whenever sig_A is high and sig_B is low, sig_C will be high on the next clock edge.
Do not add code to output an error message string.
Enclose your SVA code with <CODE> and </CODE>. Only output the code snippet and do NOT output anything else.

Answer:
<CODE>
assert property(@(posedge clk)
    (sig_A && !sig_B) |-> sig_C
);
</CODE>

Question: Create a SVA assertion that checks: If sig_C contains at least one '1' bit or sig_D is not equal to sig_A, then sig_F must eventually be true
Do not add code to output an error message string.
Enclose your SVA code with <CODE> and </CODE>. Only output the code snippet and do NOT output anything else.

Answer:
<CODE>
assert property(@(posedge clk)
    (|sig_C || (sig_D !== sig_A )) |=> s_eventually(sig_F)
);
</CODE>

Question: Create a SVA assertion that checks: ""Whenever the value of sig_J is less than the result of the XOR operation between sig_C and the negation of the bitwise negation of sig_H, and this result is equal to the result of the OR operation between the identity comparison of sig_A and the negation of sig_J and sig_B, the assertion is true
Do not add code to output an error message string.
Enclose your SVA code with <CODE> and </CODE>. Only output the code snippet and do NOT output anything else.

Answer:
<CODE>
assert property(@(posedge clk)
	((sig_J < (sig_B == (sig_C ^ ~|sig_H))) == ((|sig_A === !sig_J) || sig_B))
);
</CODE>


Question: Create a SVA assertion that checks: If the value of sig_E is less than the result obtained from comparing sig_B with the bitwise XOR of sig_C and the negation of the bitwise OR of sig_H, and this result is equal to the result obtained from either comparing the bitwise OR of sig_A with the negation of sig_J or comparing sig_B itself, then the assertion is true

Do not add code to output an error message string.
Enclose your SVA code with <CODE> and </CODE>. Only output the code snippet and do NOT output anything else.

Answer:
","cot_response
"
nl2sva_machine,nl2sva_machine_0_2,gpt-4-turbo,"<CODE>
assert property(@(posedge clk)
    ((sig_E < (sig_B == (sig_C ^ ~|sig_H))) == ((sig_A === !sig_J) || sig_B))
);
</CODE>","assert property(@(posedge clk)
	((sig_E < (sig_B == (sig_C ^ ~|sig_H))) == ((|sig_A === !sig_J) || sig_B))
);","
","module dummy (
clk, reset_, 
sig_A,
sig_B,
sig_C,
sig_D,
sig_E
);

input clk;
input reset_;//clock and reset
input sig_A;  
input sig_B;
input sig_C;
input sig_D;  
input sig_E;

logic sig_F;
logic sig_G;
logic sig_H;
logic sig_I;
logic sig_J;

wire tb_reset;
assign tb_reset = (reset_ == 1'b0);

assign sig_F = sig_A;
assign sig_G = sig_B;
assign sig_H = sig_C;
assign sig_I = sig_D;
assign sig_J = sig_E;





//Question: Create a SVA assertion that checks: If the value of sig_E is less than the result of the comparison between sig_B and the bitwise XOR of sig_C and the bitwise negation of the OR operation on sig_H, and this value is equal to the result of the comparison between the equality of sig_A and the logical negation of sig_J, or the value of sig_B, then the assertion is true
//
//Do not add code to output an error message string.
//Enclose your SVA code with <CODE> and </CODE>. Only output the code snippet and do NOT output anything else.
//
//Answer:
//

assert property(@(posedge clk)
	((sig_E < (sig_B == (sig_C ^ ~|sig_H))) == ((|sig_A === !sig_J) || sig_B))
);


assert property(@(posedge clk)
    ((sig_E < (sig_B == (sig_C ^ ~|sig_H))) == ((sig_A === !sig_J) || sig_B))
);


endmodule","As an example:

Question: Create a SVA assertion that checks: Whenever sig_A is high and sig_B is low, sig_C will be high on the next clock edge.
Do not add code to output an error message string.
Enclose your SVA code with <CODE> and </CODE>. Only output the code snippet and do NOT output anything else.

Answer:
<CODE>
assert property(@(posedge clk)
    (sig_A && !sig_B) |-> sig_C
);
</CODE>

Question: Create a SVA assertion that checks: If sig_C contains at least one '1' bit or sig_D is not equal to sig_A, then sig_F must eventually be true
Do not add code to output an error message string.
Enclose your SVA code with <CODE> and </CODE>. Only output the code snippet and do NOT output anything else.

Answer:
<CODE>
assert property(@(posedge clk)
    (|sig_C || (sig_D !== sig_A )) |=> s_eventually(sig_F)
);
</CODE>

Question: Create a SVA assertion that checks: ""Whenever the value of sig_J is less than the result of the XOR operation between sig_C and the negation of the bitwise negation of sig_H, and this result is equal to the result of the OR operation between the identity comparison of sig_A and the negation of sig_J and sig_B, the assertion is true
Do not add code to output an error message string.
Enclose your SVA code with <CODE> and </CODE>. Only output the code snippet and do NOT output anything else.

Answer:
<CODE>
assert property(@(posedge clk)
	((sig_J < (sig_B == (sig_C ^ ~|sig_H))) == ((|sig_A === !sig_J) || sig_B))
);
</CODE>


Question: Create a SVA assertion that checks: If the value of sig_E is less than the result of the comparison between sig_B and the bitwise XOR of sig_C and the bitwise negation of the OR operation on sig_H, and this value is equal to the result of the comparison between the equality of sig_A and the logical negation of sig_J, or the value of sig_B, then the assertion is true

Do not add code to output an error message string.
Enclose your SVA code with <CODE> and </CODE>. Only output the code snippet and do NOT output anything else.

Answer:
","cot_response
"
nl2sva_machine,nl2sva_machine_0_3,gpt-4-turbo,"<CODE>
assert property(@(posedge clk)
    (sig_E < (sig_B ^ ~(|sig_C | ~sig_H))) && ((|sig_A || !sig_J) || sig_B)
);
</CODE>","assert property(@(posedge clk)
	((sig_E < (sig_B == (sig_C ^ ~|sig_H))) == ((|sig_A === !sig_J) || sig_B))
);","
","module dummy (
clk, reset_, 
sig_A,
sig_B,
sig_C,
sig_D,
sig_E
);

input clk;
input reset_;//clock and reset
input sig_A;  
input sig_B;
input sig_C;
input sig_D;  
input sig_E;

logic sig_F;
logic sig_G;
logic sig_H;
logic sig_I;
logic sig_J;

wire tb_reset;
assign tb_reset = (reset_ == 1'b0);

assign sig_F = sig_A;
assign sig_G = sig_B;
assign sig_H = sig_C;
assign sig_I = sig_D;
assign sig_J = sig_E;





//Question: Create a SVA assertion that checks: If the value of sig_E is less than the XOR of sig_B and the negation of the bitwise OR of sig_C and the negation of sig_H, and the equality of the bitwise OR of sig_A and the negation of sig_J is true or if sig_B is true, the assertion is true on the next clock edge
//
//Do not add code to output an error message string.
//Enclose your SVA code with <CODE> and </CODE>. Only output the code snippet and do NOT output anything else.
//
//Answer:
//

assert property(@(posedge clk)
	((sig_E < (sig_B == (sig_C ^ ~|sig_H))) == ((|sig_A === !sig_J) || sig_B))
);


assert property(@(posedge clk)
    (sig_E < (sig_B ^ ~(|sig_C | ~sig_H))) && ((|sig_A || !sig_J) || sig_B)
);


endmodule","As an example:

Question: Create a SVA assertion that checks: Whenever sig_A is high and sig_B is low, sig_C will be high on the next clock edge.
Do not add code to output an error message string.
Enclose your SVA code with <CODE> and </CODE>. Only output the code snippet and do NOT output anything else.

Answer:
<CODE>
assert property(@(posedge clk)
    (sig_A && !sig_B) |-> sig_C
);
</CODE>

Question: Create a SVA assertion that checks: If sig_C contains at least one '1' bit or sig_D is not equal to sig_A, then sig_F must eventually be true
Do not add code to output an error message string.
Enclose your SVA code with <CODE> and </CODE>. Only output the code snippet and do NOT output anything else.

Answer:
<CODE>
assert property(@(posedge clk)
    (|sig_C || (sig_D !== sig_A )) |=> s_eventually(sig_F)
);
</CODE>

Question: Create a SVA assertion that checks: ""Whenever the value of sig_J is less than the result of the XOR operation between sig_C and the negation of the bitwise negation of sig_H, and this result is equal to the result of the OR operation between the identity comparison of sig_A and the negation of sig_J and sig_B, the assertion is true
Do not add code to output an error message string.
Enclose your SVA code with <CODE> and </CODE>. Only output the code snippet and do NOT output anything else.

Answer:
<CODE>
assert property(@(posedge clk)
	((sig_J < (sig_B == (sig_C ^ ~|sig_H))) == ((|sig_A === !sig_J) || sig_B))
);
</CODE>


Question: Create a SVA assertion that checks: If the value of sig_E is less than the XOR of sig_B and the negation of the bitwise OR of sig_C and the negation of sig_H, and the equality of the bitwise OR of sig_A and the negation of sig_J is true or if sig_B is true, the assertion is true on the next clock edge

Do not add code to output an error message string.
Enclose your SVA code with <CODE> and </CODE>. Only output the code snippet and do NOT output anything else.

Answer:
","cot_response
"
nl2sva_machine,nl2sva_machine_0_4,gpt-4-turbo,"<CODE>
assert property(@(posedge clk)
    ((sig_E < (sig_B == (sig_C ^ ~|sig_H))) == ((|sig_A === !sig_J) || sig_B))
);
</CODE>","assert property(@(posedge clk)
	((sig_E < (sig_B == (sig_C ^ ~|sig_H))) == ((|sig_A === !sig_J) || sig_B))
);","
","module dummy (
clk, reset_, 
sig_A,
sig_B,
sig_C,
sig_D,
sig_E
);

input clk;
input reset_;//clock and reset
input sig_A;  
input sig_B;
input sig_C;
input sig_D;  
input sig_E;

logic sig_F;
logic sig_G;
logic sig_H;
logic sig_I;
logic sig_J;

wire tb_reset;
assign tb_reset = (reset_ == 1'b0);

assign sig_F = sig_A;
assign sig_G = sig_B;
assign sig_H = sig_C;
assign sig_I = sig_D;
assign sig_J = sig_E;





//Question: Create a SVA assertion that checks: If the expression (sig_E < (sig_B == (sig_C ^ ~|sig_H))) is equal to the expression ((|sig_A === !sig_J) || sig_B), the assertion holds true
//
//Do not add code to output an error message string.
//Enclose your SVA code with <CODE> and </CODE>. Only output the code snippet and do NOT output anything else.
//
//Answer:
//

assert property(@(posedge clk)
	((sig_E < (sig_B == (sig_C ^ ~|sig_H))) == ((|sig_A === !sig_J) || sig_B))
);


assert property(@(posedge clk)
    ((sig_E < (sig_B == (sig_C ^ ~|sig_H))) == ((|sig_A === !sig_J) || sig_B))
);


endmodule","As an example:

Question: Create a SVA assertion that checks: Whenever sig_A is high and sig_B is low, sig_C will be high on the next clock edge.
Do not add code to output an error message string.
Enclose your SVA code with <CODE> and </CODE>. Only output the code snippet and do NOT output anything else.

Answer:
<CODE>
assert property(@(posedge clk)
    (sig_A && !sig_B) |-> sig_C
);
</CODE>

Question: Create a SVA assertion that checks: If sig_C contains at least one '1' bit or sig_D is not equal to sig_A, then sig_F must eventually be true
Do not add code to output an error message string.
Enclose your SVA code with <CODE> and </CODE>. Only output the code snippet and do NOT output anything else.

Answer:
<CODE>
assert property(@(posedge clk)
    (|sig_C || (sig_D !== sig_A )) |=> s_eventually(sig_F)
);
</CODE>

Question: Create a SVA assertion that checks: ""Whenever the value of sig_J is less than the result of the XOR operation between sig_C and the negation of the bitwise negation of sig_H, and this result is equal to the result of the OR operation between the identity comparison of sig_A and the negation of sig_J and sig_B, the assertion is true
Do not add code to output an error message string.
Enclose your SVA code with <CODE> and </CODE>. Only output the code snippet and do NOT output anything else.

Answer:
<CODE>
assert property(@(posedge clk)
	((sig_J < (sig_B == (sig_C ^ ~|sig_H))) == ((|sig_A === !sig_J) || sig_B))
);
</CODE>


Question: Create a SVA assertion that checks: If the expression (sig_E < (sig_B == (sig_C ^ ~|sig_H))) is equal to the expression ((|sig_A === !sig_J) || sig_B), the assertion holds true

Do not add code to output an error message string.
Enclose your SVA code with <CODE> and </CODE>. Only output the code snippet and do NOT output anything else.

Answer:
","cot_response
"
nl2sva_machine,nl2sva_machine_1_0,gpt-4-turbo,"<CODE>
assert property(@(posedge clk)
    (sig_F !== sig_B) |-> ($result !== 1)
);
</CODE>","assert property(@(posedge clk)
	((sig_F != sig_B) !== 1'b1)
);","
","module dummy (
clk, reset_, 
sig_A,
sig_B,
sig_C,
sig_D,
sig_E
);

input clk;
input reset_;//clock and reset
input sig_A;  
input sig_B;
input sig_C;
input sig_D;  
input sig_E;

logic sig_F;
logic sig_G;
logic sig_H;
logic sig_I;
logic sig_J;

wire tb_reset;
assign tb_reset = (reset_ == 1'b0);

assign sig_F = sig_A;
assign sig_G = sig_B;
assign sig_H = sig_C;
assign sig_I = sig_D;
assign sig_J = sig_E;





//Question: Create a SVA assertion that checks: Whenever sig_F is not equal to sig_B, the result is not equal to 1
//
//Do not add code to output an error message string.
//Enclose your SVA code with <CODE> and </CODE>. Only output the code snippet and do NOT output anything else.
//
//Answer:
//

assert property(@(posedge clk)
	((sig_F != sig_B) !== 1'b1)
);


assert property(@(posedge clk)
    (sig_F !== sig_B) |-> ($result !== 1)
);


endmodule","As an example:

Question: Create a SVA assertion that checks: Whenever sig_A is high and sig_B is low, sig_C will be high on the next clock edge.
Do not add code to output an error message string.
Enclose your SVA code with <CODE> and </CODE>. Only output the code snippet and do NOT output anything else.

Answer:
<CODE>
assert property(@(posedge clk)
    (sig_A && !sig_B) |-> sig_C
);
</CODE>

Question: Create a SVA assertion that checks: If sig_C contains at least one '1' bit or sig_D is not equal to sig_A, then sig_F must eventually be true
Do not add code to output an error message string.
Enclose your SVA code with <CODE> and </CODE>. Only output the code snippet and do NOT output anything else.

Answer:
<CODE>
assert property(@(posedge clk)
    (|sig_C || (sig_D !== sig_A )) |=> s_eventually(sig_F)
);
</CODE>

Question: Create a SVA assertion that checks: ""Whenever the value of sig_J is less than the result of the XOR operation between sig_C and the negation of the bitwise negation of sig_H, and this result is equal to the result of the OR operation between the identity comparison of sig_A and the negation of sig_J and sig_B, the assertion is true
Do not add code to output an error message string.
Enclose your SVA code with <CODE> and </CODE>. Only output the code snippet and do NOT output anything else.

Answer:
<CODE>
assert property(@(posedge clk)
	((sig_J < (sig_B == (sig_C ^ ~|sig_H))) == ((|sig_A === !sig_J) || sig_B))
);
</CODE>


Question: Create a SVA assertion that checks: Whenever sig_F is not equal to sig_B, the result is not equal to 1

Do not add code to output an error message string.
Enclose your SVA code with <CODE> and </CODE>. Only output the code snippet and do NOT output anything else.

Answer:
","cot_response
"
nl2sva_machine,nl2sva_machine_1_1,gpt-4-turbo,"<CODE>
assert property(@(posedge clk)
    (sig_F !== sig_B) |-> (sig_F !== 1'b1)
);
</CODE>","assert property(@(posedge clk)
	((sig_F != sig_B) !== 1'b1)
);","
","module dummy (
clk, reset_, 
sig_A,
sig_B,
sig_C,
sig_D,
sig_E
);

input clk;
input reset_;//clock and reset
input sig_A;  
input sig_B;
input sig_C;
input sig_D;  
input sig_E;

logic sig_F;
logic sig_G;
logic sig_H;
logic sig_I;
logic sig_J;

wire tb_reset;
assign tb_reset = (reset_ == 1'b0);

assign sig_F = sig_A;
assign sig_G = sig_B;
assign sig_H = sig_C;
assign sig_I = sig_D;
assign sig_J = sig_E;





//Question: Create a SVA assertion that checks: Whenever the value of sig_F is not equal to sig_B, it will not be equal to 1'b1 as well
//
//Do not add code to output an error message string.
//Enclose your SVA code with <CODE> and </CODE>. Only output the code snippet and do NOT output anything else.
//
//Answer:
//

assert property(@(posedge clk)
	((sig_F != sig_B) !== 1'b1)
);


assert property(@(posedge clk)
    (sig_F !== sig_B) |-> (sig_F !== 1'b1)
);


endmodule","As an example:

Question: Create a SVA assertion that checks: Whenever sig_A is high and sig_B is low, sig_C will be high on the next clock edge.
Do not add code to output an error message string.
Enclose your SVA code with <CODE> and </CODE>. Only output the code snippet and do NOT output anything else.

Answer:
<CODE>
assert property(@(posedge clk)
    (sig_A && !sig_B) |-> sig_C
);
</CODE>

Question: Create a SVA assertion that checks: If sig_C contains at least one '1' bit or sig_D is not equal to sig_A, then sig_F must eventually be true
Do not add code to output an error message string.
Enclose your SVA code with <CODE> and </CODE>. Only output the code snippet and do NOT output anything else.

Answer:
<CODE>
assert property(@(posedge clk)
    (|sig_C || (sig_D !== sig_A )) |=> s_eventually(sig_F)
);
</CODE>

Question: Create a SVA assertion that checks: ""Whenever the value of sig_J is less than the result of the XOR operation between sig_C and the negation of the bitwise negation of sig_H, and this result is equal to the result of the OR operation between the identity comparison of sig_A and the negation of sig_J and sig_B, the assertion is true
Do not add code to output an error message string.
Enclose your SVA code with <CODE> and </CODE>. Only output the code snippet and do NOT output anything else.

Answer:
<CODE>
assert property(@(posedge clk)
	((sig_J < (sig_B == (sig_C ^ ~|sig_H))) == ((|sig_A === !sig_J) || sig_B))
);
</CODE>


Question: Create a SVA assertion that checks: Whenever the value of sig_F is not equal to sig_B, it will not be equal to 1'b1 as well

Do not add code to output an error message string.
Enclose your SVA code with <CODE> and </CODE>. Only output the code snippet and do NOT output anything else.

Answer:
","cot_response
"
nl2sva_machine,nl2sva_machine_1_2,gpt-4-turbo,"<CODE>
assert property(@(posedge clk)
    (sig_F !== sig_B) !== 1'b1
);
</CODE>","assert property(@(posedge clk)
	((sig_F != sig_B) !== 1'b1)
);","
","module dummy (
clk, reset_, 
sig_A,
sig_B,
sig_C,
sig_D,
sig_E
);

input clk;
input reset_;//clock and reset
input sig_A;  
input sig_B;
input sig_C;
input sig_D;  
input sig_E;

logic sig_F;
logic sig_G;
logic sig_H;
logic sig_I;
logic sig_J;

wire tb_reset;
assign tb_reset = (reset_ == 1'b0);

assign sig_F = sig_A;
assign sig_G = sig_B;
assign sig_H = sig_C;
assign sig_I = sig_D;
assign sig_J = sig_E;





//Question: Create a SVA assertion that checks: Whenever sig_F is not equal to sig_B and the result is not equal to 1'b1, the assertion is valid
//
//Do not add code to output an error message string.
//Enclose your SVA code with <CODE> and </CODE>. Only output the code snippet and do NOT output anything else.
//
//Answer:
//

assert property(@(posedge clk)
	((sig_F != sig_B) !== 1'b1)
);


assert property(@(posedge clk)
    (sig_F !== sig_B) !== 1'b1
);


endmodule","As an example:

Question: Create a SVA assertion that checks: Whenever sig_A is high and sig_B is low, sig_C will be high on the next clock edge.
Do not add code to output an error message string.
Enclose your SVA code with <CODE> and </CODE>. Only output the code snippet and do NOT output anything else.

Answer:
<CODE>
assert property(@(posedge clk)
    (sig_A && !sig_B) |-> sig_C
);
</CODE>

Question: Create a SVA assertion that checks: If sig_C contains at least one '1' bit or sig_D is not equal to sig_A, then sig_F must eventually be true
Do not add code to output an error message string.
Enclose your SVA code with <CODE> and </CODE>. Only output the code snippet and do NOT output anything else.

Answer:
<CODE>
assert property(@(posedge clk)
    (|sig_C || (sig_D !== sig_A )) |=> s_eventually(sig_F)
);
</CODE>

Question: Create a SVA assertion that checks: ""Whenever the value of sig_J is less than the result of the XOR operation between sig_C and the negation of the bitwise negation of sig_H, and this result is equal to the result of the OR operation between the identity comparison of sig_A and the negation of sig_J and sig_B, the assertion is true
Do not add code to output an error message string.
Enclose your SVA code with <CODE> and </CODE>. Only output the code snippet and do NOT output anything else.

Answer:
<CODE>
assert property(@(posedge clk)
	((sig_J < (sig_B == (sig_C ^ ~|sig_H))) == ((|sig_A === !sig_J) || sig_B))
);
</CODE>


Question: Create a SVA assertion that checks: Whenever sig_F is not equal to sig_B and the result is not equal to 1'b1, the assertion is valid

Do not add code to output an error message string.
Enclose your SVA code with <CODE> and </CODE>. Only output the code snippet and do NOT output anything else.

Answer:
","cot_response
"
nl2sva_machine,nl2sva_machine_1_3,gpt-4-turbo,"<CODE>
assert property(@(posedge clk)
    !(sig_F !== sig_B)
);
</CODE>","assert property(@(posedge clk)
	((sig_F != sig_B) !== 1'b1)
);","
","module dummy (
clk, reset_, 
sig_A,
sig_B,
sig_C,
sig_D,
sig_E
);

input clk;
input reset_;//clock and reset
input sig_A;  
input sig_B;
input sig_C;
input sig_D;  
input sig_E;

logic sig_F;
logic sig_G;
logic sig_H;
logic sig_I;
logic sig_J;

wire tb_reset;
assign tb_reset = (reset_ == 1'b0);

assign sig_F = sig_A;
assign sig_G = sig_B;
assign sig_H = sig_C;
assign sig_I = sig_D;
assign sig_J = sig_E;





//Question: Create a SVA assertion that checks: If sig_F is not equal to sig_B, the result of the assertion should not be '1' (true)
//
//Do not add code to output an error message string.
//Enclose your SVA code with <CODE> and </CODE>. Only output the code snippet and do NOT output anything else.
//
//Answer:
//

assert property(@(posedge clk)
	((sig_F != sig_B) !== 1'b1)
);


assert property(@(posedge clk)
    !(sig_F !== sig_B)
);


endmodule","As an example:

Question: Create a SVA assertion that checks: Whenever sig_A is high and sig_B is low, sig_C will be high on the next clock edge.
Do not add code to output an error message string.
Enclose your SVA code with <CODE> and </CODE>. Only output the code snippet and do NOT output anything else.

Answer:
<CODE>
assert property(@(posedge clk)
    (sig_A && !sig_B) |-> sig_C
);
</CODE>

Question: Create a SVA assertion that checks: If sig_C contains at least one '1' bit or sig_D is not equal to sig_A, then sig_F must eventually be true
Do not add code to output an error message string.
Enclose your SVA code with <CODE> and </CODE>. Only output the code snippet and do NOT output anything else.

Answer:
<CODE>
assert property(@(posedge clk)
    (|sig_C || (sig_D !== sig_A )) |=> s_eventually(sig_F)
);
</CODE>

Question: Create a SVA assertion that checks: ""Whenever the value of sig_J is less than the result of the XOR operation between sig_C and the negation of the bitwise negation of sig_H, and this result is equal to the result of the OR operation between the identity comparison of sig_A and the negation of sig_J and sig_B, the assertion is true
Do not add code to output an error message string.
Enclose your SVA code with <CODE> and </CODE>. Only output the code snippet and do NOT output anything else.

Answer:
<CODE>
assert property(@(posedge clk)
	((sig_J < (sig_B == (sig_C ^ ~|sig_H))) == ((|sig_A === !sig_J) || sig_B))
);
</CODE>


Question: Create a SVA assertion that checks: If sig_F is not equal to sig_B, the result of the assertion should not be '1' (true)

Do not add code to output an error message string.
Enclose your SVA code with <CODE> and </CODE>. Only output the code snippet and do NOT output anything else.

Answer:
","cot_response
"
nl2sva_machine,nl2sva_machine_1_4,gpt-4-turbo,"<CODE>
assert property(@(posedge clk)
    !(sig_F !== sig_B) |-> ($past(sig_F) !== 1'b1)
);
</CODE>","assert property(@(posedge clk)
	((sig_F != sig_B) !== 1'b1)
);","
","module dummy (
clk, reset_, 
sig_A,
sig_B,
sig_C,
sig_D,
sig_E
);

input clk;
input reset_;//clock and reset
input sig_A;  
input sig_B;
input sig_C;
input sig_D;  
input sig_E;

logic sig_F;
logic sig_G;
logic sig_H;
logic sig_I;
logic sig_J;

wire tb_reset;
assign tb_reset = (reset_ == 1'b0);

assign sig_F = sig_A;
assign sig_G = sig_B;
assign sig_H = sig_C;
assign sig_I = sig_D;
assign sig_J = sig_E;





//Question: Create a SVA assertion that checks: Whenever sig_F is not equal to sig_B, the result of the assertion will not be equal to 1'b1
//
//Do not add code to output an error message string.
//Enclose your SVA code with <CODE> and </CODE>. Only output the code snippet and do NOT output anything else.
//
//Answer:
//

assert property(@(posedge clk)
	((sig_F != sig_B) !== 1'b1)
);


assert property(@(posedge clk)
    !(sig_F !== sig_B) |-> ($past(sig_F) !== 1'b1)
);


endmodule","As an example:

Question: Create a SVA assertion that checks: Whenever sig_A is high and sig_B is low, sig_C will be high on the next clock edge.
Do not add code to output an error message string.
Enclose your SVA code with <CODE> and </CODE>. Only output the code snippet and do NOT output anything else.

Answer:
<CODE>
assert property(@(posedge clk)
    (sig_A && !sig_B) |-> sig_C
);
</CODE>

Question: Create a SVA assertion that checks: If sig_C contains at least one '1' bit or sig_D is not equal to sig_A, then sig_F must eventually be true
Do not add code to output an error message string.
Enclose your SVA code with <CODE> and </CODE>. Only output the code snippet and do NOT output anything else.

Answer:
<CODE>
assert property(@(posedge clk)
    (|sig_C || (sig_D !== sig_A )) |=> s_eventually(sig_F)
);
</CODE>

Question: Create a SVA assertion that checks: ""Whenever the value of sig_J is less than the result of the XOR operation between sig_C and the negation of the bitwise negation of sig_H, and this result is equal to the result of the OR operation between the identity comparison of sig_A and the negation of sig_J and sig_B, the assertion is true
Do not add code to output an error message string.
Enclose your SVA code with <CODE> and </CODE>. Only output the code snippet and do NOT output anything else.

Answer:
<CODE>
assert property(@(posedge clk)
	((sig_J < (sig_B == (sig_C ^ ~|sig_H))) == ((|sig_A === !sig_J) || sig_B))
);
</CODE>


Question: Create a SVA assertion that checks: Whenever sig_F is not equal to sig_B, the result of the assertion will not be equal to 1'b1

Do not add code to output an error message string.
Enclose your SVA code with <CODE> and </CODE>. Only output the code snippet and do NOT output anything else.

Answer:
","cot_response
"
nl2sva_machine,nl2sva_machine_2_0,gpt-4-turbo,"<CODE>
assert property(@(posedge clk)
    ((sig_E && |sig_H) ^ (((sig_I && ~sig_J) || ~sig_B) && sig_D))
);
</CODE>","assert property(@(posedge clk)
	((sig_E && |sig_H) ^ (((sig_I && ^sig_J) || ~|sig_B) && sig_D))
);","
","module dummy (
clk, reset_, 
sig_A,
sig_B,
sig_C,
sig_D,
sig_E
);

input clk;
input reset_;//clock and reset
input sig_A;  
input sig_B;
input sig_C;
input sig_D;  
input sig_E;

logic sig_F;
logic sig_G;
logic sig_H;
logic sig_I;
logic sig_J;

wire tb_reset;
assign tb_reset = (reset_ == 1'b0);

assign sig_F = sig_A;
assign sig_G = sig_B;
assign sig_H = sig_C;
assign sig_I = sig_D;
assign sig_J = sig_E;





//Question: Create a SVA assertion that checks: On each positive edge of the clock, the assertion checks whether the result of the expression ((sig_E AND (at least one '1' bit in sig_H)) XOR (((sig_I AND (inverted sig_J)) OR (inverted sig_B)) AND sig_D)) is true
//
//Do not add code to output an error message string.
//Enclose your SVA code with <CODE> and </CODE>. Only output the code snippet and do NOT output anything else.
//
//Answer:
//

assert property(@(posedge clk)
	((sig_E && |sig_H) ^ (((sig_I && ^sig_J) || ~|sig_B) && sig_D))
);


assert property(@(posedge clk)
    ((sig_E && |sig_H) ^ (((sig_I && ~sig_J) || ~sig_B) && sig_D))
);


endmodule","As an example:

Question: Create a SVA assertion that checks: Whenever sig_A is high and sig_B is low, sig_C will be high on the next clock edge.
Do not add code to output an error message string.
Enclose your SVA code with <CODE> and </CODE>. Only output the code snippet and do NOT output anything else.

Answer:
<CODE>
assert property(@(posedge clk)
    (sig_A && !sig_B) |-> sig_C
);
</CODE>

Question: Create a SVA assertion that checks: If sig_C contains at least one '1' bit or sig_D is not equal to sig_A, then sig_F must eventually be true
Do not add code to output an error message string.
Enclose your SVA code with <CODE> and </CODE>. Only output the code snippet and do NOT output anything else.

Answer:
<CODE>
assert property(@(posedge clk)
    (|sig_C || (sig_D !== sig_A )) |=> s_eventually(sig_F)
);
</CODE>

Question: Create a SVA assertion that checks: ""Whenever the value of sig_J is less than the result of the XOR operation between sig_C and the negation of the bitwise negation of sig_H, and this result is equal to the result of the OR operation between the identity comparison of sig_A and the negation of sig_J and sig_B, the assertion is true
Do not add code to output an error message string.
Enclose your SVA code with <CODE> and </CODE>. Only output the code snippet and do NOT output anything else.

Answer:
<CODE>
assert property(@(posedge clk)
	((sig_J < (sig_B == (sig_C ^ ~|sig_H))) == ((|sig_A === !sig_J) || sig_B))
);
</CODE>


Question: Create a SVA assertion that checks: On each positive edge of the clock, the assertion checks whether the result of the expression ((sig_E AND (at least one '1' bit in sig_H)) XOR (((sig_I AND (inverted sig_J)) OR (inverted sig_B)) AND sig_D)) is true

Do not add code to output an error message string.
Enclose your SVA code with <CODE> and </CODE>. Only output the code snippet and do NOT output anything else.

Answer:
","cot_response
"
nl2sva_machine,nl2sva_machine_2_1,gpt-4-turbo,"<CODE>
assert property(@(posedge clk)
    (sig_E && (!sig_H || (sig_I && !sig_J) || (!sig_B && sig_D)))
);
</CODE>","assert property(@(posedge clk)
	((sig_E && |sig_H) ^ (((sig_I && ^sig_J) || ~|sig_B) && sig_D))
);","
","module dummy (
clk, reset_, 
sig_A,
sig_B,
sig_C,
sig_D,
sig_E
);

input clk;
input reset_;//clock and reset
input sig_A;  
input sig_B;
input sig_C;
input sig_D;  
input sig_E;

logic sig_F;
logic sig_G;
logic sig_H;
logic sig_I;
logic sig_J;

wire tb_reset;
assign tb_reset = (reset_ == 1'b0);

assign sig_F = sig_A;
assign sig_G = sig_B;
assign sig_H = sig_C;
assign sig_I = sig_D;
assign sig_J = sig_E;





//Question: Create a SVA assertion that checks: Whenever sig_E is high and either sig_H is low or both sig_I is high and sig_J is low or sig_B is not high and sig_D is high, the expression evaluates to true
//
//Do not add code to output an error message string.
//Enclose your SVA code with <CODE> and </CODE>. Only output the code snippet and do NOT output anything else.
//
//Answer:
//

assert property(@(posedge clk)
	((sig_E && |sig_H) ^ (((sig_I && ^sig_J) || ~|sig_B) && sig_D))
);


assert property(@(posedge clk)
    (sig_E && (!sig_H || (sig_I && !sig_J) || (!sig_B && sig_D)))
);


endmodule","As an example:

Question: Create a SVA assertion that checks: Whenever sig_A is high and sig_B is low, sig_C will be high on the next clock edge.
Do not add code to output an error message string.
Enclose your SVA code with <CODE> and </CODE>. Only output the code snippet and do NOT output anything else.

Answer:
<CODE>
assert property(@(posedge clk)
    (sig_A && !sig_B) |-> sig_C
);
</CODE>

Question: Create a SVA assertion that checks: If sig_C contains at least one '1' bit or sig_D is not equal to sig_A, then sig_F must eventually be true
Do not add code to output an error message string.
Enclose your SVA code with <CODE> and </CODE>. Only output the code snippet and do NOT output anything else.

Answer:
<CODE>
assert property(@(posedge clk)
    (|sig_C || (sig_D !== sig_A )) |=> s_eventually(sig_F)
);
</CODE>

Question: Create a SVA assertion that checks: ""Whenever the value of sig_J is less than the result of the XOR operation between sig_C and the negation of the bitwise negation of sig_H, and this result is equal to the result of the OR operation between the identity comparison of sig_A and the negation of sig_J and sig_B, the assertion is true
Do not add code to output an error message string.
Enclose your SVA code with <CODE> and </CODE>. Only output the code snippet and do NOT output anything else.

Answer:
<CODE>
assert property(@(posedge clk)
	((sig_J < (sig_B == (sig_C ^ ~|sig_H))) == ((|sig_A === !sig_J) || sig_B))
);
</CODE>


Question: Create a SVA assertion that checks: Whenever sig_E is high and either sig_H is low or both sig_I is high and sig_J is low or sig_B is not high and sig_D is high, the expression evaluates to true

Do not add code to output an error message string.
Enclose your SVA code with <CODE> and </CODE>. Only output the code snippet and do NOT output anything else.

Answer:
","cot_response
"
nl2sva_machine,nl2sva_machine_2_2,gpt-4-turbo,"<CODE>
assert property(@(posedge clk)
    (sig_E && ~&sig_H) || (sig_I && !sig_J) || (~&sig_B && sig_D)
);
</CODE>","assert property(@(posedge clk)
	((sig_E && |sig_H) ^ (((sig_I && ^sig_J) || ~|sig_B) && sig_D))
);","
","module dummy (
clk, reset_, 
sig_A,
sig_B,
sig_C,
sig_D,
sig_E
);

input clk;
input reset_;//clock and reset
input sig_A;  
input sig_B;
input sig_C;
input sig_D;  
input sig_E;

logic sig_F;
logic sig_G;
logic sig_H;
logic sig_I;
logic sig_J;

wire tb_reset;
assign tb_reset = (reset_ == 1'b0);

assign sig_F = sig_A;
assign sig_G = sig_B;
assign sig_H = sig_C;
assign sig_I = sig_D;
assign sig_J = sig_E;





//Question: Create a SVA assertion that checks: Whenever sig_E is high and there is at least one '0' bit in sig_H, or at least one of the following conditions is true: sig_I is high and sig_J is low, or there is at least one '0' bit in sig_B and sig_D is high, then the assertion is true
//
//Do not add code to output an error message string.
//Enclose your SVA code with <CODE> and </CODE>. Only output the code snippet and do NOT output anything else.
//
//Answer:
//

assert property(@(posedge clk)
	((sig_E && |sig_H) ^ (((sig_I && ^sig_J) || ~|sig_B) && sig_D))
);


assert property(@(posedge clk)
    (sig_E && ~&sig_H) || (sig_I && !sig_J) || (~&sig_B && sig_D)
);


endmodule","As an example:

Question: Create a SVA assertion that checks: Whenever sig_A is high and sig_B is low, sig_C will be high on the next clock edge.
Do not add code to output an error message string.
Enclose your SVA code with <CODE> and </CODE>. Only output the code snippet and do NOT output anything else.

Answer:
<CODE>
assert property(@(posedge clk)
    (sig_A && !sig_B) |-> sig_C
);
</CODE>

Question: Create a SVA assertion that checks: If sig_C contains at least one '1' bit or sig_D is not equal to sig_A, then sig_F must eventually be true
Do not add code to output an error message string.
Enclose your SVA code with <CODE> and </CODE>. Only output the code snippet and do NOT output anything else.

Answer:
<CODE>
assert property(@(posedge clk)
    (|sig_C || (sig_D !== sig_A )) |=> s_eventually(sig_F)
);
</CODE>

Question: Create a SVA assertion that checks: ""Whenever the value of sig_J is less than the result of the XOR operation between sig_C and the negation of the bitwise negation of sig_H, and this result is equal to the result of the OR operation between the identity comparison of sig_A and the negation of sig_J and sig_B, the assertion is true
Do not add code to output an error message string.
Enclose your SVA code with <CODE> and </CODE>. Only output the code snippet and do NOT output anything else.

Answer:
<CODE>
assert property(@(posedge clk)
	((sig_J < (sig_B == (sig_C ^ ~|sig_H))) == ((|sig_A === !sig_J) || sig_B))
);
</CODE>


Question: Create a SVA assertion that checks: Whenever sig_E is high and there is at least one '0' bit in sig_H, or at least one of the following conditions is true: sig_I is high and sig_J is low, or there is at least one '0' bit in sig_B and sig_D is high, then the assertion is true

Do not add code to output an error message string.
Enclose your SVA code with <CODE> and </CODE>. Only output the code snippet and do NOT output anything else.

Answer:
","cot_response
"
nl2sva_machine,nl2sva_machine_2_3,gpt-4-turbo,"<CODE>
assert property(@(posedge clk)
    ((sig_E && ~|sig_H) || (sig_I && !sig_J) || (!|sig_B && sig_D))
);
</CODE>","assert property(@(posedge clk)
	((sig_E && |sig_H) ^ (((sig_I && ^sig_J) || ~|sig_B) && sig_D))
);","
","module dummy (
clk, reset_, 
sig_A,
sig_B,
sig_C,
sig_D,
sig_E
);

input clk;
input reset_;//clock and reset
input sig_A;  
input sig_B;
input sig_C;
input sig_D;  
input sig_E;

logic sig_F;
logic sig_G;
logic sig_H;
logic sig_I;
logic sig_J;

wire tb_reset;
assign tb_reset = (reset_ == 1'b0);

assign sig_F = sig_A;
assign sig_G = sig_B;
assign sig_H = sig_C;
assign sig_I = sig_D;
assign sig_J = sig_E;





//Question: Create a SVA assertion that checks: Whenever sig_E is high and at least one bit of sig_H is low, or when sig_I is high and sig_J is low, or when sig_B does not contain any '1' bit and sig_D is high, the expression evaluates to true
//
//Do not add code to output an error message string.
//Enclose your SVA code with <CODE> and </CODE>. Only output the code snippet and do NOT output anything else.
//
//Answer:
//

assert property(@(posedge clk)
	((sig_E && |sig_H) ^ (((sig_I && ^sig_J) || ~|sig_B) && sig_D))
);


assert property(@(posedge clk)
    ((sig_E && ~|sig_H) || (sig_I && !sig_J) || (!|sig_B && sig_D))
);


endmodule","As an example:

Question: Create a SVA assertion that checks: Whenever sig_A is high and sig_B is low, sig_C will be high on the next clock edge.
Do not add code to output an error message string.
Enclose your SVA code with <CODE> and </CODE>. Only output the code snippet and do NOT output anything else.

Answer:
<CODE>
assert property(@(posedge clk)
    (sig_A && !sig_B) |-> sig_C
);
</CODE>

Question: Create a SVA assertion that checks: If sig_C contains at least one '1' bit or sig_D is not equal to sig_A, then sig_F must eventually be true
Do not add code to output an error message string.
Enclose your SVA code with <CODE> and </CODE>. Only output the code snippet and do NOT output anything else.

Answer:
<CODE>
assert property(@(posedge clk)
    (|sig_C || (sig_D !== sig_A )) |=> s_eventually(sig_F)
);
</CODE>

Question: Create a SVA assertion that checks: ""Whenever the value of sig_J is less than the result of the XOR operation between sig_C and the negation of the bitwise negation of sig_H, and this result is equal to the result of the OR operation between the identity comparison of sig_A and the negation of sig_J and sig_B, the assertion is true
Do not add code to output an error message string.
Enclose your SVA code with <CODE> and </CODE>. Only output the code snippet and do NOT output anything else.

Answer:
<CODE>
assert property(@(posedge clk)
	((sig_J < (sig_B == (sig_C ^ ~|sig_H))) == ((|sig_A === !sig_J) || sig_B))
);
</CODE>


Question: Create a SVA assertion that checks: Whenever sig_E is high and at least one bit of sig_H is low, or when sig_I is high and sig_J is low, or when sig_B does not contain any '1' bit and sig_D is high, the expression evaluates to true

Do not add code to output an error message string.
Enclose your SVA code with <CODE> and </CODE>. Only output the code snippet and do NOT output anything else.

Answer:
","cot_response
"
nl2sva_machine,nl2sva_machine_2_4,gpt-4-turbo,"<CODE>
assert property(@(posedge clk)
    ((sig_E && ~|sig_H) || (sig_I && !sig_J) || (&sig_B && sig_D))
);
</CODE>","assert property(@(posedge clk)
	((sig_E && |sig_H) ^ (((sig_I && ^sig_J) || ~|sig_B) && sig_D))
);","
","module dummy (
clk, reset_, 
sig_A,
sig_B,
sig_C,
sig_D,
sig_E
);

input clk;
input reset_;//clock and reset
input sig_A;  
input sig_B;
input sig_C;
input sig_D;  
input sig_E;

logic sig_F;
logic sig_G;
logic sig_H;
logic sig_I;
logic sig_J;

wire tb_reset;
assign tb_reset = (reset_ == 1'b0);

assign sig_F = sig_A;
assign sig_G = sig_B;
assign sig_H = sig_C;
assign sig_I = sig_D;
assign sig_J = sig_E;





//Question: Create a SVA assertion that checks: If sig_E is high and at least one bit of sig_H is low, or if either sig_I is high and sig_J is low or sig_B has all bits high and sig_D is high, then the assertion is true on the next rising edge of the clock
//
//Do not add code to output an error message string.
//Enclose your SVA code with <CODE> and </CODE>. Only output the code snippet and do NOT output anything else.
//
//Answer:
//

assert property(@(posedge clk)
	((sig_E && |sig_H) ^ (((sig_I && ^sig_J) || ~|sig_B) && sig_D))
);


assert property(@(posedge clk)
    ((sig_E && ~|sig_H) || (sig_I && !sig_J) || (&sig_B && sig_D))
);


endmodule","As an example:

Question: Create a SVA assertion that checks: Whenever sig_A is high and sig_B is low, sig_C will be high on the next clock edge.
Do not add code to output an error message string.
Enclose your SVA code with <CODE> and </CODE>. Only output the code snippet and do NOT output anything else.

Answer:
<CODE>
assert property(@(posedge clk)
    (sig_A && !sig_B) |-> sig_C
);
</CODE>

Question: Create a SVA assertion that checks: If sig_C contains at least one '1' bit or sig_D is not equal to sig_A, then sig_F must eventually be true
Do not add code to output an error message string.
Enclose your SVA code with <CODE> and </CODE>. Only output the code snippet and do NOT output anything else.

Answer:
<CODE>
assert property(@(posedge clk)
    (|sig_C || (sig_D !== sig_A )) |=> s_eventually(sig_F)
);
</CODE>

Question: Create a SVA assertion that checks: ""Whenever the value of sig_J is less than the result of the XOR operation between sig_C and the negation of the bitwise negation of sig_H, and this result is equal to the result of the OR operation between the identity comparison of sig_A and the negation of sig_J and sig_B, the assertion is true
Do not add code to output an error message string.
Enclose your SVA code with <CODE> and </CODE>. Only output the code snippet and do NOT output anything else.

Answer:
<CODE>
assert property(@(posedge clk)
	((sig_J < (sig_B == (sig_C ^ ~|sig_H))) == ((|sig_A === !sig_J) || sig_B))
);
</CODE>


Question: Create a SVA assertion that checks: If sig_E is high and at least one bit of sig_H is low, or if either sig_I is high and sig_J is low or sig_B has all bits high and sig_D is high, then the assertion is true on the next rising edge of the clock

Do not add code to output an error message string.
Enclose your SVA code with <CODE> and </CODE>. Only output the code snippet and do NOT output anything else.

Answer:
","cot_response
"
nl2sva_machine,nl2sva_machine_3_0,gpt-4-turbo,"<CODE>
assert property(@(posedge clk)
    sig_F && (1'b1 === 1)
);
</CODE>","assert property(@(posedge clk)
	(sig_F && 1'b1)
);","
","module dummy (
clk, reset_, 
sig_A,
sig_B,
sig_C,
sig_D,
sig_E
);

input clk;
input reset_;//clock and reset
input sig_A;  
input sig_B;
input sig_C;
input sig_D;  
input sig_E;

logic sig_F;
logic sig_G;
logic sig_H;
logic sig_I;
logic sig_J;

wire tb_reset;
assign tb_reset = (reset_ == 1'b0);

assign sig_F = sig_A;
assign sig_G = sig_B;
assign sig_H = sig_C;
assign sig_I = sig_D;
assign sig_J = sig_E;





//Question: Create a SVA assertion that checks: Whenever the signal sig_F and the value '1' are simultaneously high on the next clock edge
//
//Do not add code to output an error message string.
//Enclose your SVA code with <CODE> and </CODE>. Only output the code snippet and do NOT output anything else.
//
//Answer:
//

assert property(@(posedge clk)
	(sig_F && 1'b1)
);


assert property(@(posedge clk)
    sig_F && (1'b1 === 1)
);


endmodule","As an example:

Question: Create a SVA assertion that checks: Whenever sig_A is high and sig_B is low, sig_C will be high on the next clock edge.
Do not add code to output an error message string.
Enclose your SVA code with <CODE> and </CODE>. Only output the code snippet and do NOT output anything else.

Answer:
<CODE>
assert property(@(posedge clk)
    (sig_A && !sig_B) |-> sig_C
);
</CODE>

Question: Create a SVA assertion that checks: If sig_C contains at least one '1' bit or sig_D is not equal to sig_A, then sig_F must eventually be true
Do not add code to output an error message string.
Enclose your SVA code with <CODE> and </CODE>. Only output the code snippet and do NOT output anything else.

Answer:
<CODE>
assert property(@(posedge clk)
    (|sig_C || (sig_D !== sig_A )) |=> s_eventually(sig_F)
);
</CODE>

Question: Create a SVA assertion that checks: ""Whenever the value of sig_J is less than the result of the XOR operation between sig_C and the negation of the bitwise negation of sig_H, and this result is equal to the result of the OR operation between the identity comparison of sig_A and the negation of sig_J and sig_B, the assertion is true
Do not add code to output an error message string.
Enclose your SVA code with <CODE> and </CODE>. Only output the code snippet and do NOT output anything else.

Answer:
<CODE>
assert property(@(posedge clk)
	((sig_J < (sig_B == (sig_C ^ ~|sig_H))) == ((|sig_A === !sig_J) || sig_B))
);
</CODE>


Question: Create a SVA assertion that checks: Whenever the signal sig_F and the value '1' are simultaneously high on the next clock edge

Do not add code to output an error message string.
Enclose your SVA code with <CODE> and </CODE>. Only output the code snippet and do NOT output anything else.

Answer:
","cot_response
"
nl2sva_machine,nl2sva_machine_3_1,gpt-4-turbo,"<CODE>
assert property(@(posedge clk) sig_F);
</CODE>","assert property(@(posedge clk)
	(sig_F && 1'b1)
);","
","module dummy (
clk, reset_, 
sig_A,
sig_B,
sig_C,
sig_D,
sig_E
);

input clk;
input reset_;//clock and reset
input sig_A;  
input sig_B;
input sig_C;
input sig_D;  
input sig_E;

logic sig_F;
logic sig_G;
logic sig_H;
logic sig_I;
logic sig_J;

wire tb_reset;
assign tb_reset = (reset_ == 1'b0);

assign sig_F = sig_A;
assign sig_G = sig_B;
assign sig_H = sig_C;
assign sig_I = sig_D;
assign sig_J = sig_E;





//Question: Create a SVA assertion that checks: sig_F must be high on the next clock edge
//
//Do not add code to output an error message string.
//Enclose your SVA code with <CODE> and </CODE>. Only output the code snippet and do NOT output anything else.
//
//Answer:
//

assert property(@(posedge clk)
	(sig_F && 1'b1)
);


assert property(@(posedge clk) sig_F);


endmodule","As an example:

Question: Create a SVA assertion that checks: Whenever sig_A is high and sig_B is low, sig_C will be high on the next clock edge.
Do not add code to output an error message string.
Enclose your SVA code with <CODE> and </CODE>. Only output the code snippet and do NOT output anything else.

Answer:
<CODE>
assert property(@(posedge clk)
    (sig_A && !sig_B) |-> sig_C
);
</CODE>

Question: Create a SVA assertion that checks: If sig_C contains at least one '1' bit or sig_D is not equal to sig_A, then sig_F must eventually be true
Do not add code to output an error message string.
Enclose your SVA code with <CODE> and </CODE>. Only output the code snippet and do NOT output anything else.

Answer:
<CODE>
assert property(@(posedge clk)
    (|sig_C || (sig_D !== sig_A )) |=> s_eventually(sig_F)
);
</CODE>

Question: Create a SVA assertion that checks: ""Whenever the value of sig_J is less than the result of the XOR operation between sig_C and the negation of the bitwise negation of sig_H, and this result is equal to the result of the OR operation between the identity comparison of sig_A and the negation of sig_J and sig_B, the assertion is true
Do not add code to output an error message string.
Enclose your SVA code with <CODE> and </CODE>. Only output the code snippet and do NOT output anything else.

Answer:
<CODE>
assert property(@(posedge clk)
	((sig_J < (sig_B == (sig_C ^ ~|sig_H))) == ((|sig_A === !sig_J) || sig_B))
);
</CODE>


Question: Create a SVA assertion that checks: sig_F must be high on the next clock edge

Do not add code to output an error message string.
Enclose your SVA code with <CODE> and </CODE>. Only output the code snippet and do NOT output anything else.

Answer:
","cot_response
"
nl2sva_machine,nl2sva_machine_3_2,gpt-4-turbo,"<CODE>
assert property(@(posedge clk)
    (sig_F && 1'b1)
);
</CODE>","assert property(@(posedge clk)
	(sig_F && 1'b1)
);","
","module dummy (
clk, reset_, 
sig_A,
sig_B,
sig_C,
sig_D,
sig_E
);

input clk;
input reset_;//clock and reset
input sig_A;  
input sig_B;
input sig_C;
input sig_D;  
input sig_E;

logic sig_F;
logic sig_G;
logic sig_H;
logic sig_I;
logic sig_J;

wire tb_reset;
assign tb_reset = (reset_ == 1'b0);

assign sig_F = sig_A;
assign sig_G = sig_B;
assign sig_H = sig_C;
assign sig_I = sig_D;
assign sig_J = sig_E;





//Question: Create a SVA assertion that checks: Whenever sig_F is high and the value 1 is high, the assertion is satisfied
//
//Do not add code to output an error message string.
//Enclose your SVA code with <CODE> and </CODE>. Only output the code snippet and do NOT output anything else.
//
//Answer:
//

assert property(@(posedge clk)
	(sig_F && 1'b1)
);


assert property(@(posedge clk)
    (sig_F && 1'b1)
);


endmodule","As an example:

Question: Create a SVA assertion that checks: Whenever sig_A is high and sig_B is low, sig_C will be high on the next clock edge.
Do not add code to output an error message string.
Enclose your SVA code with <CODE> and </CODE>. Only output the code snippet and do NOT output anything else.

Answer:
<CODE>
assert property(@(posedge clk)
    (sig_A && !sig_B) |-> sig_C
);
</CODE>

Question: Create a SVA assertion that checks: If sig_C contains at least one '1' bit or sig_D is not equal to sig_A, then sig_F must eventually be true
Do not add code to output an error message string.
Enclose your SVA code with <CODE> and </CODE>. Only output the code snippet and do NOT output anything else.

Answer:
<CODE>
assert property(@(posedge clk)
    (|sig_C || (sig_D !== sig_A )) |=> s_eventually(sig_F)
);
</CODE>

Question: Create a SVA assertion that checks: ""Whenever the value of sig_J is less than the result of the XOR operation between sig_C and the negation of the bitwise negation of sig_H, and this result is equal to the result of the OR operation between the identity comparison of sig_A and the negation of sig_J and sig_B, the assertion is true
Do not add code to output an error message string.
Enclose your SVA code with <CODE> and </CODE>. Only output the code snippet and do NOT output anything else.

Answer:
<CODE>
assert property(@(posedge clk)
	((sig_J < (sig_B == (sig_C ^ ~|sig_H))) == ((|sig_A === !sig_J) || sig_B))
);
</CODE>


Question: Create a SVA assertion that checks: Whenever sig_F is high and the value 1 is high, the assertion is satisfied

Do not add code to output an error message string.
Enclose your SVA code with <CODE> and </CODE>. Only output the code snippet and do NOT output anything else.

Answer:
","cot_response
"
nl2sva_machine,nl2sva_machine_3_3,gpt-4-turbo,"<CODE>
assert property(@(posedge clk)
    sig_F |-> 1'b1
);
</CODE>","assert property(@(posedge clk)
	(sig_F && 1'b1)
);","
","module dummy (
clk, reset_, 
sig_A,
sig_B,
sig_C,
sig_D,
sig_E
);

input clk;
input reset_;//clock and reset
input sig_A;  
input sig_B;
input sig_C;
input sig_D;  
input sig_E;

logic sig_F;
logic sig_G;
logic sig_H;
logic sig_I;
logic sig_J;

wire tb_reset;
assign tb_reset = (reset_ == 1'b0);

assign sig_F = sig_A;
assign sig_G = sig_B;
assign sig_H = sig_C;
assign sig_I = sig_D;
assign sig_J = sig_E;





//Question: Create a SVA assertion that checks: Whenever sig_F is high, the assertion is always true because it is combined with a constant value of 1'b1
//
//Do not add code to output an error message string.
//Enclose your SVA code with <CODE> and </CODE>. Only output the code snippet and do NOT output anything else.
//
//Answer:
//

assert property(@(posedge clk)
	(sig_F && 1'b1)
);


assert property(@(posedge clk)
    sig_F |-> 1'b1
);


endmodule","As an example:

Question: Create a SVA assertion that checks: Whenever sig_A is high and sig_B is low, sig_C will be high on the next clock edge.
Do not add code to output an error message string.
Enclose your SVA code with <CODE> and </CODE>. Only output the code snippet and do NOT output anything else.

Answer:
<CODE>
assert property(@(posedge clk)
    (sig_A && !sig_B) |-> sig_C
);
</CODE>

Question: Create a SVA assertion that checks: If sig_C contains at least one '1' bit or sig_D is not equal to sig_A, then sig_F must eventually be true
Do not add code to output an error message string.
Enclose your SVA code with <CODE> and </CODE>. Only output the code snippet and do NOT output anything else.

Answer:
<CODE>
assert property(@(posedge clk)
    (|sig_C || (sig_D !== sig_A )) |=> s_eventually(sig_F)
);
</CODE>

Question: Create a SVA assertion that checks: ""Whenever the value of sig_J is less than the result of the XOR operation between sig_C and the negation of the bitwise negation of sig_H, and this result is equal to the result of the OR operation between the identity comparison of sig_A and the negation of sig_J and sig_B, the assertion is true
Do not add code to output an error message string.
Enclose your SVA code with <CODE> and </CODE>. Only output the code snippet and do NOT output anything else.

Answer:
<CODE>
assert property(@(posedge clk)
	((sig_J < (sig_B == (sig_C ^ ~|sig_H))) == ((|sig_A === !sig_J) || sig_B))
);
</CODE>


Question: Create a SVA assertion that checks: Whenever sig_F is high, the assertion is always true because it is combined with a constant value of 1'b1

Do not add code to output an error message string.
Enclose your SVA code with <CODE> and </CODE>. Only output the code snippet and do NOT output anything else.

Answer:
","cot_response
"
nl2sva_machine,nl2sva_machine_3_4,gpt-4-turbo,"<CODE>
assert property(@(posedge clk)
    (sig_F && 1'b1)
);
</CODE>","assert property(@(posedge clk)
	(sig_F && 1'b1)
);","
","module dummy (
clk, reset_, 
sig_A,
sig_B,
sig_C,
sig_D,
sig_E
);

input clk;
input reset_;//clock and reset
input sig_A;  
input sig_B;
input sig_C;
input sig_D;  
input sig_E;

logic sig_F;
logic sig_G;
logic sig_H;
logic sig_I;
logic sig_J;

wire tb_reset;
assign tb_reset = (reset_ == 1'b0);

assign sig_F = sig_A;
assign sig_G = sig_B;
assign sig_H = sig_C;
assign sig_I = sig_D;
assign sig_J = sig_E;





//Question: Create a SVA assertion that checks: Whenever sig_F is high and the value 1'b1 is true, the assertion is satisfied
//
//Do not add code to output an error message string.
//Enclose your SVA code with <CODE> and </CODE>. Only output the code snippet and do NOT output anything else.
//
//Answer:
//

assert property(@(posedge clk)
	(sig_F && 1'b1)
);


assert property(@(posedge clk)
    (sig_F && 1'b1)
);


endmodule","As an example:

Question: Create a SVA assertion that checks: Whenever sig_A is high and sig_B is low, sig_C will be high on the next clock edge.
Do not add code to output an error message string.
Enclose your SVA code with <CODE> and </CODE>. Only output the code snippet and do NOT output anything else.

Answer:
<CODE>
assert property(@(posedge clk)
    (sig_A && !sig_B) |-> sig_C
);
</CODE>

Question: Create a SVA assertion that checks: If sig_C contains at least one '1' bit or sig_D is not equal to sig_A, then sig_F must eventually be true
Do not add code to output an error message string.
Enclose your SVA code with <CODE> and </CODE>. Only output the code snippet and do NOT output anything else.

Answer:
<CODE>
assert property(@(posedge clk)
    (|sig_C || (sig_D !== sig_A )) |=> s_eventually(sig_F)
);
</CODE>

Question: Create a SVA assertion that checks: ""Whenever the value of sig_J is less than the result of the XOR operation between sig_C and the negation of the bitwise negation of sig_H, and this result is equal to the result of the OR operation between the identity comparison of sig_A and the negation of sig_J and sig_B, the assertion is true
Do not add code to output an error message string.
Enclose your SVA code with <CODE> and </CODE>. Only output the code snippet and do NOT output anything else.

Answer:
<CODE>
assert property(@(posedge clk)
	((sig_J < (sig_B == (sig_C ^ ~|sig_H))) == ((|sig_A === !sig_J) || sig_B))
);
</CODE>


Question: Create a SVA assertion that checks: Whenever sig_F is high and the value 1'b1 is true, the assertion is satisfied

Do not add code to output an error message string.
Enclose your SVA code with <CODE> and </CODE>. Only output the code snippet and do NOT output anything else.

Answer:
","cot_response
"
nl2sva_machine,nl2sva_machine_4_0,gpt-4-turbo,"<CODE>
assert property(@(posedge clk)
    (sig_F === sig_C && sig_F !== 1'b1) |-> ##[5] !sig_I
);
</CODE>","assert property(@(posedge clk)
	((sig_F === sig_C) != 1'b1) |-> ##5 !sig_I
);","
","module dummy (
clk, reset_, 
sig_A,
sig_B,
sig_C,
sig_D,
sig_E
);

input clk;
input reset_;//clock and reset
input sig_A;  
input sig_B;
input sig_C;
input sig_D;  
input sig_E;

logic sig_F;
logic sig_G;
logic sig_H;
logic sig_I;
logic sig_J;

wire tb_reset;
assign tb_reset = (reset_ == 1'b0);

assign sig_F = sig_A;
assign sig_G = sig_B;
assign sig_H = sig_C;
assign sig_I = sig_D;
assign sig_J = sig_E;





//Question: Create a SVA assertion that checks: Whenever sig_F is the same as sig_C and not equal to 1'b1, sig_I will be low for at least 5 clock cycles
//
//Do not add code to output an error message string.
//Enclose your SVA code with <CODE> and </CODE>. Only output the code snippet and do NOT output anything else.
//
//Answer:
//

assert property(@(posedge clk)
	((sig_F === sig_C) != 1'b1) |-> ##5 !sig_I
);


assert property(@(posedge clk)
    (sig_F === sig_C && sig_F !== 1'b1) |-> ##[5] !sig_I
);


endmodule","As an example:

Question: Create a SVA assertion that checks: Whenever sig_A is high and sig_B is low, sig_C will be high on the next clock edge.
Do not add code to output an error message string.
Enclose your SVA code with <CODE> and </CODE>. Only output the code snippet and do NOT output anything else.

Answer:
<CODE>
assert property(@(posedge clk)
    (sig_A && !sig_B) |-> sig_C
);
</CODE>

Question: Create a SVA assertion that checks: If sig_C contains at least one '1' bit or sig_D is not equal to sig_A, then sig_F must eventually be true
Do not add code to output an error message string.
Enclose your SVA code with <CODE> and </CODE>. Only output the code snippet and do NOT output anything else.

Answer:
<CODE>
assert property(@(posedge clk)
    (|sig_C || (sig_D !== sig_A )) |=> s_eventually(sig_F)
);
</CODE>

Question: Create a SVA assertion that checks: ""Whenever the value of sig_J is less than the result of the XOR operation between sig_C and the negation of the bitwise negation of sig_H, and this result is equal to the result of the OR operation between the identity comparison of sig_A and the negation of sig_J and sig_B, the assertion is true
Do not add code to output an error message string.
Enclose your SVA code with <CODE> and </CODE>. Only output the code snippet and do NOT output anything else.

Answer:
<CODE>
assert property(@(posedge clk)
	((sig_J < (sig_B == (sig_C ^ ~|sig_H))) == ((|sig_A === !sig_J) || sig_B))
);
</CODE>


Question: Create a SVA assertion that checks: Whenever sig_F is the same as sig_C and not equal to 1'b1, sig_I will be low for at least 5 clock cycles

Do not add code to output an error message string.
Enclose your SVA code with <CODE> and </CODE>. Only output the code snippet and do NOT output anything else.

Answer:
","cot_response
"
nl2sva_machine,nl2sva_machine_4_1,gpt-4-turbo,"<CODE>
assert property(@(posedge clk)
    (sig_F == sig_C && sig_F !== 1) |-> ##5 !sig_I
);
</CODE>","assert property(@(posedge clk)
	((sig_F === sig_C) != 1'b1) |-> ##5 !sig_I
);","
","module dummy (
clk, reset_, 
sig_A,
sig_B,
sig_C,
sig_D,
sig_E
);

input clk;
input reset_;//clock and reset
input sig_A;  
input sig_B;
input sig_C;
input sig_D;  
input sig_E;

logic sig_F;
logic sig_G;
logic sig_H;
logic sig_I;
logic sig_J;

wire tb_reset;
assign tb_reset = (reset_ == 1'b0);

assign sig_F = sig_A;
assign sig_G = sig_B;
assign sig_H = sig_C;
assign sig_I = sig_D;
assign sig_J = sig_E;





//Question: Create a SVA assertion that checks: Whenever sig_F is equal to sig_C and not equal to 1, after 5 clock cycles, sig_I must be low
//
//Do not add code to output an error message string.
//Enclose your SVA code with <CODE> and </CODE>. Only output the code snippet and do NOT output anything else.
//
//Answer:
//

assert property(@(posedge clk)
	((sig_F === sig_C) != 1'b1) |-> ##5 !sig_I
);


assert property(@(posedge clk)
    (sig_F == sig_C && sig_F !== 1) |-> ##5 !sig_I
);


endmodule","As an example:

Question: Create a SVA assertion that checks: Whenever sig_A is high and sig_B is low, sig_C will be high on the next clock edge.
Do not add code to output an error message string.
Enclose your SVA code with <CODE> and </CODE>. Only output the code snippet and do NOT output anything else.

Answer:
<CODE>
assert property(@(posedge clk)
    (sig_A && !sig_B) |-> sig_C
);
</CODE>

Question: Create a SVA assertion that checks: If sig_C contains at least one '1' bit or sig_D is not equal to sig_A, then sig_F must eventually be true
Do not add code to output an error message string.
Enclose your SVA code with <CODE> and </CODE>. Only output the code snippet and do NOT output anything else.

Answer:
<CODE>
assert property(@(posedge clk)
    (|sig_C || (sig_D !== sig_A )) |=> s_eventually(sig_F)
);
</CODE>

Question: Create a SVA assertion that checks: ""Whenever the value of sig_J is less than the result of the XOR operation between sig_C and the negation of the bitwise negation of sig_H, and this result is equal to the result of the OR operation between the identity comparison of sig_A and the negation of sig_J and sig_B, the assertion is true
Do not add code to output an error message string.
Enclose your SVA code with <CODE> and </CODE>. Only output the code snippet and do NOT output anything else.

Answer:
<CODE>
assert property(@(posedge clk)
	((sig_J < (sig_B == (sig_C ^ ~|sig_H))) == ((|sig_A === !sig_J) || sig_B))
);
</CODE>


Question: Create a SVA assertion that checks: Whenever sig_F is equal to sig_C and not equal to 1, after 5 clock cycles, sig_I must be low

Do not add code to output an error message string.
Enclose your SVA code with <CODE> and </CODE>. Only output the code snippet and do NOT output anything else.

Answer:
","cot_response
"
nl2sva_machine,nl2sva_machine_4_2,gpt-4-turbo,"<CODE>
assert property(@(posedge clk)
    (sig_F == sig_C && sig_F !== 1) |-> ##5 !sig_I
);
</CODE>","assert property(@(posedge clk)
	((sig_F === sig_C) != 1'b1) |-> ##5 !sig_I
);","
","module dummy (
clk, reset_, 
sig_A,
sig_B,
sig_C,
sig_D,
sig_E
);

input clk;
input reset_;//clock and reset
input sig_A;  
input sig_B;
input sig_C;
input sig_D;  
input sig_E;

logic sig_F;
logic sig_G;
logic sig_H;
logic sig_I;
logic sig_J;

wire tb_reset;
assign tb_reset = (reset_ == 1'b0);

assign sig_F = sig_A;
assign sig_G = sig_B;
assign sig_H = sig_C;
assign sig_I = sig_D;
assign sig_J = sig_E;





//Question: Create a SVA assertion that checks: Whenever sig_F is equal to sig_C, and it is not equal to 1, then after 5 clock cycles, sig_I must be low
//
//Do not add code to output an error message string.
//Enclose your SVA code with <CODE> and </CODE>. Only output the code snippet and do NOT output anything else.
//
//Answer:
//

assert property(@(posedge clk)
	((sig_F === sig_C) != 1'b1) |-> ##5 !sig_I
);


assert property(@(posedge clk)
    (sig_F == sig_C && sig_F !== 1) |-> ##5 !sig_I
);


endmodule","As an example:

Question: Create a SVA assertion that checks: Whenever sig_A is high and sig_B is low, sig_C will be high on the next clock edge.
Do not add code to output an error message string.
Enclose your SVA code with <CODE> and </CODE>. Only output the code snippet and do NOT output anything else.

Answer:
<CODE>
assert property(@(posedge clk)
    (sig_A && !sig_B) |-> sig_C
);
</CODE>

Question: Create a SVA assertion that checks: If sig_C contains at least one '1' bit or sig_D is not equal to sig_A, then sig_F must eventually be true
Do not add code to output an error message string.
Enclose your SVA code with <CODE> and </CODE>. Only output the code snippet and do NOT output anything else.

Answer:
<CODE>
assert property(@(posedge clk)
    (|sig_C || (sig_D !== sig_A )) |=> s_eventually(sig_F)
);
</CODE>

Question: Create a SVA assertion that checks: ""Whenever the value of sig_J is less than the result of the XOR operation between sig_C and the negation of the bitwise negation of sig_H, and this result is equal to the result of the OR operation between the identity comparison of sig_A and the negation of sig_J and sig_B, the assertion is true
Do not add code to output an error message string.
Enclose your SVA code with <CODE> and </CODE>. Only output the code snippet and do NOT output anything else.

Answer:
<CODE>
assert property(@(posedge clk)
	((sig_J < (sig_B == (sig_C ^ ~|sig_H))) == ((|sig_A === !sig_J) || sig_B))
);
</CODE>


Question: Create a SVA assertion that checks: Whenever sig_F is equal to sig_C, and it is not equal to 1, then after 5 clock cycles, sig_I must be low

Do not add code to output an error message string.
Enclose your SVA code with <CODE> and </CODE>. Only output the code snippet and do NOT output anything else.

Answer:
","cot_response
"
nl2sva_machine,nl2sva_machine_4_3,gpt-4-turbo,"<CODE>
assert property(@(posedge clk)
    (sig_F !== sig_C) |=> !sig_I[$unit:5]
);
</CODE>","assert property(@(posedge clk)
	((sig_F === sig_C) != 1'b1) |-> ##5 !sig_I
);","
","module dummy (
clk, reset_, 
sig_A,
sig_B,
sig_C,
sig_D,
sig_E
);

input clk;
input reset_;//clock and reset
input sig_A;  
input sig_B;
input sig_C;
input sig_D;  
input sig_E;

logic sig_F;
logic sig_G;
logic sig_H;
logic sig_I;
logic sig_J;

wire tb_reset;
assign tb_reset = (reset_ == 1'b0);

assign sig_F = sig_A;
assign sig_G = sig_B;
assign sig_H = sig_C;
assign sig_I = sig_D;
assign sig_J = sig_E;





//Question: Create a SVA assertion that checks: If the current value of sig_F is not equal to sig_C, then after 5 clock cycles, sig_I must be low
//
//Do not add code to output an error message string.
//Enclose your SVA code with <CODE> and </CODE>. Only output the code snippet and do NOT output anything else.
//
//Answer:
//

assert property(@(posedge clk)
	((sig_F === sig_C) != 1'b1) |-> ##5 !sig_I
);


assert property(@(posedge clk)
    (sig_F !== sig_C) |=> !sig_I[$unit:5]
);


endmodule","As an example:

Question: Create a SVA assertion that checks: Whenever sig_A is high and sig_B is low, sig_C will be high on the next clock edge.
Do not add code to output an error message string.
Enclose your SVA code with <CODE> and </CODE>. Only output the code snippet and do NOT output anything else.

Answer:
<CODE>
assert property(@(posedge clk)
    (sig_A && !sig_B) |-> sig_C
);
</CODE>

Question: Create a SVA assertion that checks: If sig_C contains at least one '1' bit or sig_D is not equal to sig_A, then sig_F must eventually be true
Do not add code to output an error message string.
Enclose your SVA code with <CODE> and </CODE>. Only output the code snippet and do NOT output anything else.

Answer:
<CODE>
assert property(@(posedge clk)
    (|sig_C || (sig_D !== sig_A )) |=> s_eventually(sig_F)
);
</CODE>

Question: Create a SVA assertion that checks: ""Whenever the value of sig_J is less than the result of the XOR operation between sig_C and the negation of the bitwise negation of sig_H, and this result is equal to the result of the OR operation between the identity comparison of sig_A and the negation of sig_J and sig_B, the assertion is true
Do not add code to output an error message string.
Enclose your SVA code with <CODE> and </CODE>. Only output the code snippet and do NOT output anything else.

Answer:
<CODE>
assert property(@(posedge clk)
	((sig_J < (sig_B == (sig_C ^ ~|sig_H))) == ((|sig_A === !sig_J) || sig_B))
);
</CODE>


Question: Create a SVA assertion that checks: If the current value of sig_F is not equal to sig_C, then after 5 clock cycles, sig_I must be low

Do not add code to output an error message string.
Enclose your SVA code with <CODE> and </CODE>. Only output the code snippet and do NOT output anything else.

Answer:
","cot_response
"
nl2sva_machine,nl2sva_machine_4_4,gpt-4-turbo,"<CODE>
assert property(@(posedge clk)
    (sig_F == sig_C && sig_F !== 1'b1 throughout ##[0:4] 1'b1) |-> !sig_I
);
</CODE>","assert property(@(posedge clk)
	((sig_F === sig_C) != 1'b1) |-> ##5 !sig_I
);","
","module dummy (
clk, reset_, 
sig_A,
sig_B,
sig_C,
sig_D,
sig_E
);

input clk;
input reset_;//clock and reset
input sig_A;  
input sig_B;
input sig_C;
input sig_D;  
input sig_E;

logic sig_F;
logic sig_G;
logic sig_H;
logic sig_I;
logic sig_J;

wire tb_reset;
assign tb_reset = (reset_ == 1'b0);

assign sig_F = sig_A;
assign sig_G = sig_B;
assign sig_H = sig_C;
assign sig_I = sig_D;
assign sig_J = sig_E;





//Question: Create a SVA assertion that checks: If sig_F is equal to sig_C, but not equal to 1, for a duration of 5 clock cycles, sig_I must be low
//
//Do not add code to output an error message string.
//Enclose your SVA code with <CODE> and </CODE>. Only output the code snippet and do NOT output anything else.
//
//Answer:
//

assert property(@(posedge clk)
	((sig_F === sig_C) != 1'b1) |-> ##5 !sig_I
);


assert property(@(posedge clk)
    (sig_F == sig_C && sig_F !== 1'b1 throughout ##[0:4] 1'b1) |-> !sig_I
);


endmodule","As an example:

Question: Create a SVA assertion that checks: Whenever sig_A is high and sig_B is low, sig_C will be high on the next clock edge.
Do not add code to output an error message string.
Enclose your SVA code with <CODE> and </CODE>. Only output the code snippet and do NOT output anything else.

Answer:
<CODE>
assert property(@(posedge clk)
    (sig_A && !sig_B) |-> sig_C
);
</CODE>

Question: Create a SVA assertion that checks: If sig_C contains at least one '1' bit or sig_D is not equal to sig_A, then sig_F must eventually be true
Do not add code to output an error message string.
Enclose your SVA code with <CODE> and </CODE>. Only output the code snippet and do NOT output anything else.

Answer:
<CODE>
assert property(@(posedge clk)
    (|sig_C || (sig_D !== sig_A )) |=> s_eventually(sig_F)
);
</CODE>

Question: Create a SVA assertion that checks: ""Whenever the value of sig_J is less than the result of the XOR operation between sig_C and the negation of the bitwise negation of sig_H, and this result is equal to the result of the OR operation between the identity comparison of sig_A and the negation of sig_J and sig_B, the assertion is true
Do not add code to output an error message string.
Enclose your SVA code with <CODE> and </CODE>. Only output the code snippet and do NOT output anything else.

Answer:
<CODE>
assert property(@(posedge clk)
	((sig_J < (sig_B == (sig_C ^ ~|sig_H))) == ((|sig_A === !sig_J) || sig_B))
);
</CODE>


Question: Create a SVA assertion that checks: If sig_F is equal to sig_C, but not equal to 1, for a duration of 5 clock cycles, sig_I must be low

Do not add code to output an error message string.
Enclose your SVA code with <CODE> and </CODE>. Only output the code snippet and do NOT output anything else.

Answer:
","cot_response
"
nl2sva_machine,nl2sva_machine_5_0,gpt-4-turbo,"<CODE>
assert property(@(posedge clk)
    (sig_G || 1'b1) |-> ##[3:6]((sig_A !== (sig_H === sig_J)) == (sig_A && sig_E))
);
</CODE>","assert property(@(posedge clk)
	(sig_G || 1'b1) |-> ##[3:6] ((sig_A !== (sig_H === sig_J)) == (sig_A && sig_E))
);","
","module dummy (
clk, reset_, 
sig_A,
sig_B,
sig_C,
sig_D,
sig_E
);

input clk;
input reset_;//clock and reset
input sig_A;  
input sig_B;
input sig_C;
input sig_D;  
input sig_E;

logic sig_F;
logic sig_G;
logic sig_H;
logic sig_I;
logic sig_J;

wire tb_reset;
assign tb_reset = (reset_ == 1'b0);

assign sig_F = sig_A;
assign sig_G = sig_B;
assign sig_H = sig_C;
assign sig_I = sig_D;
assign sig_J = sig_E;





//Question: Create a SVA assertion that checks: Whenever sig_G is high or 1'b1 is true, the expression (sig_A !== (sig_H === sig_J)) is equal to (sig_A && sig_E) for the next 3 to 6 clock cycles
//
//Do not add code to output an error message string.
//Enclose your SVA code with <CODE> and </CODE>. Only output the code snippet and do NOT output anything else.
//
//Answer:
//

assert property(@(posedge clk)
	(sig_G || 1'b1) |-> ##[3:6] ((sig_A !== (sig_H === sig_J)) == (sig_A && sig_E))
);


assert property(@(posedge clk)
    (sig_G || 1'b1) |-> ##[3:6]((sig_A !== (sig_H === sig_J)) == (sig_A && sig_E))
);


endmodule","As an example:

Question: Create a SVA assertion that checks: Whenever sig_A is high and sig_B is low, sig_C will be high on the next clock edge.
Do not add code to output an error message string.
Enclose your SVA code with <CODE> and </CODE>. Only output the code snippet and do NOT output anything else.

Answer:
<CODE>
assert property(@(posedge clk)
    (sig_A && !sig_B) |-> sig_C
);
</CODE>

Question: Create a SVA assertion that checks: If sig_C contains at least one '1' bit or sig_D is not equal to sig_A, then sig_F must eventually be true
Do not add code to output an error message string.
Enclose your SVA code with <CODE> and </CODE>. Only output the code snippet and do NOT output anything else.

Answer:
<CODE>
assert property(@(posedge clk)
    (|sig_C || (sig_D !== sig_A )) |=> s_eventually(sig_F)
);
</CODE>

Question: Create a SVA assertion that checks: ""Whenever the value of sig_J is less than the result of the XOR operation between sig_C and the negation of the bitwise negation of sig_H, and this result is equal to the result of the OR operation between the identity comparison of sig_A and the negation of sig_J and sig_B, the assertion is true
Do not add code to output an error message string.
Enclose your SVA code with <CODE> and </CODE>. Only output the code snippet and do NOT output anything else.

Answer:
<CODE>
assert property(@(posedge clk)
	((sig_J < (sig_B == (sig_C ^ ~|sig_H))) == ((|sig_A === !sig_J) || sig_B))
);
</CODE>


Question: Create a SVA assertion that checks: Whenever sig_G is high or 1'b1 is true, the expression (sig_A !== (sig_H === sig_J)) is equal to (sig_A && sig_E) for the next 3 to 6 clock cycles

Do not add code to output an error message string.
Enclose your SVA code with <CODE> and </CODE>. Only output the code snippet and do NOT output anything else.

Answer:
","cot_response
"
nl2sva_machine,nl2sva_machine_5_1,gpt-4-turbo,"<CODE>
assert property(@(posedge clk)
    (sig_G) |-> ##[3:6] ((sig_A !== (sig_H == sig_J)) == (sig_A && sig_E))
);
</CODE>","assert property(@(posedge clk)
	(sig_G || 1'b1) |-> ##[3:6] ((sig_A !== (sig_H === sig_J)) == (sig_A && sig_E))
);","
","module dummy (
clk, reset_, 
sig_A,
sig_B,
sig_C,
sig_D,
sig_E
);

input clk;
input reset_;//clock and reset
input sig_A;  
input sig_B;
input sig_C;
input sig_D;  
input sig_E;

logic sig_F;
logic sig_G;
logic sig_H;
logic sig_I;
logic sig_J;

wire tb_reset;
assign tb_reset = (reset_ == 1'b0);

assign sig_F = sig_A;
assign sig_G = sig_B;
assign sig_H = sig_C;
assign sig_I = sig_D;
assign sig_J = sig_E;





//Question: Create a SVA assertion that checks: When sig_G is high or 1, within 3 to 6 clock cycles, (sig_A is not equal to the result of the comparison between sig_H and sig_J) should be equal to (sig_A and sig_E)
//
//Do not add code to output an error message string.
//Enclose your SVA code with <CODE> and </CODE>. Only output the code snippet and do NOT output anything else.
//
//Answer:
//

assert property(@(posedge clk)
	(sig_G || 1'b1) |-> ##[3:6] ((sig_A !== (sig_H === sig_J)) == (sig_A && sig_E))
);


assert property(@(posedge clk)
    (sig_G) |-> ##[3:6] ((sig_A !== (sig_H == sig_J)) == (sig_A && sig_E))
);


endmodule","As an example:

Question: Create a SVA assertion that checks: Whenever sig_A is high and sig_B is low, sig_C will be high on the next clock edge.
Do not add code to output an error message string.
Enclose your SVA code with <CODE> and </CODE>. Only output the code snippet and do NOT output anything else.

Answer:
<CODE>
assert property(@(posedge clk)
    (sig_A && !sig_B) |-> sig_C
);
</CODE>

Question: Create a SVA assertion that checks: If sig_C contains at least one '1' bit or sig_D is not equal to sig_A, then sig_F must eventually be true
Do not add code to output an error message string.
Enclose your SVA code with <CODE> and </CODE>. Only output the code snippet and do NOT output anything else.

Answer:
<CODE>
assert property(@(posedge clk)
    (|sig_C || (sig_D !== sig_A )) |=> s_eventually(sig_F)
);
</CODE>

Question: Create a SVA assertion that checks: ""Whenever the value of sig_J is less than the result of the XOR operation between sig_C and the negation of the bitwise negation of sig_H, and this result is equal to the result of the OR operation between the identity comparison of sig_A and the negation of sig_J and sig_B, the assertion is true
Do not add code to output an error message string.
Enclose your SVA code with <CODE> and </CODE>. Only output the code snippet and do NOT output anything else.

Answer:
<CODE>
assert property(@(posedge clk)
	((sig_J < (sig_B == (sig_C ^ ~|sig_H))) == ((|sig_A === !sig_J) || sig_B))
);
</CODE>


Question: Create a SVA assertion that checks: When sig_G is high or 1, within 3 to 6 clock cycles, (sig_A is not equal to the result of the comparison between sig_H and sig_J) should be equal to (sig_A and sig_E)

Do not add code to output an error message string.
Enclose your SVA code with <CODE> and </CODE>. Only output the code snippet and do NOT output anything else.

Answer:
","cot_response
"
nl2sva_machine,nl2sva_machine_5_2,gpt-4-turbo,"<CODE>
assert property(@(posedge clk)
    (sig_G || |sig_G) |=> ((sig_A == (sig_H === sig_J)) within [3:6]) == (sig_A && sig_E)
);
</CODE>","assert property(@(posedge clk)
	(sig_G || 1'b1) |-> ##[3:6] ((sig_A !== (sig_H === sig_J)) == (sig_A && sig_E))
);","
","module dummy (
clk, reset_, 
sig_A,
sig_B,
sig_C,
sig_D,
sig_E
);

input clk;
input reset_;//clock and reset
input sig_A;  
input sig_B;
input sig_C;
input sig_D;  
input sig_E;

logic sig_F;
logic sig_G;
logic sig_H;
logic sig_I;
logic sig_J;

wire tb_reset;
assign tb_reset = (reset_ == 1'b0);

assign sig_F = sig_A;
assign sig_G = sig_B;
assign sig_H = sig_C;
assign sig_I = sig_D;
assign sig_J = sig_E;





//Question: Create a SVA assertion that checks: If sig_G is high or there is a logic '1' present, then within the next 3 to 6 clock cycles, the result of comparing sig_A with the result of comparing sig_H with sig_J must be equal to the result of the logical AND operation between sig_A and sig_E
//
//Do not add code to output an error message string.
//Enclose your SVA code with <CODE> and </CODE>. Only output the code snippet and do NOT output anything else.
//
//Answer:
//

assert property(@(posedge clk)
	(sig_G || 1'b1) |-> ##[3:6] ((sig_A !== (sig_H === sig_J)) == (sig_A && sig_E))
);


assert property(@(posedge clk)
    (sig_G || |sig_G) |=> ((sig_A == (sig_H === sig_J)) within [3:6]) == (sig_A && sig_E)
);


endmodule","As an example:

Question: Create a SVA assertion that checks: Whenever sig_A is high and sig_B is low, sig_C will be high on the next clock edge.
Do not add code to output an error message string.
Enclose your SVA code with <CODE> and </CODE>. Only output the code snippet and do NOT output anything else.

Answer:
<CODE>
assert property(@(posedge clk)
    (sig_A && !sig_B) |-> sig_C
);
</CODE>

Question: Create a SVA assertion that checks: If sig_C contains at least one '1' bit or sig_D is not equal to sig_A, then sig_F must eventually be true
Do not add code to output an error message string.
Enclose your SVA code with <CODE> and </CODE>. Only output the code snippet and do NOT output anything else.

Answer:
<CODE>
assert property(@(posedge clk)
    (|sig_C || (sig_D !== sig_A )) |=> s_eventually(sig_F)
);
</CODE>

Question: Create a SVA assertion that checks: ""Whenever the value of sig_J is less than the result of the XOR operation between sig_C and the negation of the bitwise negation of sig_H, and this result is equal to the result of the OR operation between the identity comparison of sig_A and the negation of sig_J and sig_B, the assertion is true
Do not add code to output an error message string.
Enclose your SVA code with <CODE> and </CODE>. Only output the code snippet and do NOT output anything else.

Answer:
<CODE>
assert property(@(posedge clk)
	((sig_J < (sig_B == (sig_C ^ ~|sig_H))) == ((|sig_A === !sig_J) || sig_B))
);
</CODE>


Question: Create a SVA assertion that checks: If sig_G is high or there is a logic '1' present, then within the next 3 to 6 clock cycles, the result of comparing sig_A with the result of comparing sig_H with sig_J must be equal to the result of the logical AND operation between sig_A and sig_E

Do not add code to output an error message string.
Enclose your SVA code with <CODE> and </CODE>. Only output the code snippet and do NOT output anything else.

Answer:
","cot_response
"
nl2sva_machine,nl2sva_machine_5_3,gpt-4-turbo,"<CODE>
assert property(@(posedge clk)
    (sig_G || |1'b1) |=> ((sig_A !== (sig_H === sig_J)) == (sig_A && sig_E)) ##[3:6]
);
</CODE>","assert property(@(posedge clk)
	(sig_G || 1'b1) |-> ##[3:6] ((sig_A !== (sig_H === sig_J)) == (sig_A && sig_E))
);","
","module dummy (
clk, reset_, 
sig_A,
sig_B,
sig_C,
sig_D,
sig_E
);

input clk;
input reset_;//clock and reset
input sig_A;  
input sig_B;
input sig_C;
input sig_D;  
input sig_E;

logic sig_F;
logic sig_G;
logic sig_H;
logic sig_I;
logic sig_J;

wire tb_reset;
assign tb_reset = (reset_ == 1'b0);

assign sig_F = sig_A;
assign sig_G = sig_B;
assign sig_H = sig_C;
assign sig_I = sig_D;
assign sig_J = sig_E;





//Question: Create a SVA assertion that checks: Whenever sig_G is high or there is a logic high present, after a delay of 3 to 6 clock cycles, the expression (sig_A is not equal to the result of (sig_H equal to sig_J)) is equal to the logical AND of sig_A and sig_E
//
//Do not add code to output an error message string.
//Enclose your SVA code with <CODE> and </CODE>. Only output the code snippet and do NOT output anything else.
//
//Answer:
//

assert property(@(posedge clk)
	(sig_G || 1'b1) |-> ##[3:6] ((sig_A !== (sig_H === sig_J)) == (sig_A && sig_E))
);


assert property(@(posedge clk)
    (sig_G || |1'b1) |=> ((sig_A !== (sig_H === sig_J)) == (sig_A && sig_E)) ##[3:6]
);


endmodule","As an example:

Question: Create a SVA assertion that checks: Whenever sig_A is high and sig_B is low, sig_C will be high on the next clock edge.
Do not add code to output an error message string.
Enclose your SVA code with <CODE> and </CODE>. Only output the code snippet and do NOT output anything else.

Answer:
<CODE>
assert property(@(posedge clk)
    (sig_A && !sig_B) |-> sig_C
);
</CODE>

Question: Create a SVA assertion that checks: If sig_C contains at least one '1' bit or sig_D is not equal to sig_A, then sig_F must eventually be true
Do not add code to output an error message string.
Enclose your SVA code with <CODE> and </CODE>. Only output the code snippet and do NOT output anything else.

Answer:
<CODE>
assert property(@(posedge clk)
    (|sig_C || (sig_D !== sig_A )) |=> s_eventually(sig_F)
);
</CODE>

Question: Create a SVA assertion that checks: ""Whenever the value of sig_J is less than the result of the XOR operation between sig_C and the negation of the bitwise negation of sig_H, and this result is equal to the result of the OR operation between the identity comparison of sig_A and the negation of sig_J and sig_B, the assertion is true
Do not add code to output an error message string.
Enclose your SVA code with <CODE> and </CODE>. Only output the code snippet and do NOT output anything else.

Answer:
<CODE>
assert property(@(posedge clk)
	((sig_J < (sig_B == (sig_C ^ ~|sig_H))) == ((|sig_A === !sig_J) || sig_B))
);
</CODE>


Question: Create a SVA assertion that checks: Whenever sig_G is high or there is a logic high present, after a delay of 3 to 6 clock cycles, the expression (sig_A is not equal to the result of (sig_H equal to sig_J)) is equal to the logical AND of sig_A and sig_E

Do not add code to output an error message string.
Enclose your SVA code with <CODE> and </CODE>. Only output the code snippet and do NOT output anything else.

Answer:
","cot_response
"
nl2sva_machine,nl2sva_machine_5_4,gpt-4-turbo,"<CODE>
assert property(@(posedge clk)
    (sig_G || 1'b1) |=> ((sig_A !== (sig_H === sig_J)) == (sig_A && sig_E)) within (3, 6)
);
</CODE>","assert property(@(posedge clk)
	(sig_G || 1'b1) |-> ##[3:6] ((sig_A !== (sig_H === sig_J)) == (sig_A && sig_E))
);","
","module dummy (
clk, reset_, 
sig_A,
sig_B,
sig_C,
sig_D,
sig_E
);

input clk;
input reset_;//clock and reset
input sig_A;  
input sig_B;
input sig_C;
input sig_D;  
input sig_E;

logic sig_F;
logic sig_G;
logic sig_H;
logic sig_I;
logic sig_J;

wire tb_reset;
assign tb_reset = (reset_ == 1'b0);

assign sig_F = sig_A;
assign sig_G = sig_B;
assign sig_H = sig_C;
assign sig_I = sig_D;
assign sig_J = sig_E;





//Question: Create a SVA assertion that checks: Whenever sig_G is true or 1'b1 is true, within the next 3 to 6 clock cycles, the result of (sig_A not equal to (sig_H equal to sig_J)) is equal to the result of (sig_A logical AND sig_E)
//
//Do not add code to output an error message string.
//Enclose your SVA code with <CODE> and </CODE>. Only output the code snippet and do NOT output anything else.
//
//Answer:
//

assert property(@(posedge clk)
	(sig_G || 1'b1) |-> ##[3:6] ((sig_A !== (sig_H === sig_J)) == (sig_A && sig_E))
);


assert property(@(posedge clk)
    (sig_G || 1'b1) |=> ((sig_A !== (sig_H === sig_J)) == (sig_A && sig_E)) within (3, 6)
);


endmodule","As an example:

Question: Create a SVA assertion that checks: Whenever sig_A is high and sig_B is low, sig_C will be high on the next clock edge.
Do not add code to output an error message string.
Enclose your SVA code with <CODE> and </CODE>. Only output the code snippet and do NOT output anything else.

Answer:
<CODE>
assert property(@(posedge clk)
    (sig_A && !sig_B) |-> sig_C
);
</CODE>

Question: Create a SVA assertion that checks: If sig_C contains at least one '1' bit or sig_D is not equal to sig_A, then sig_F must eventually be true
Do not add code to output an error message string.
Enclose your SVA code with <CODE> and </CODE>. Only output the code snippet and do NOT output anything else.

Answer:
<CODE>
assert property(@(posedge clk)
    (|sig_C || (sig_D !== sig_A )) |=> s_eventually(sig_F)
);
</CODE>

Question: Create a SVA assertion that checks: ""Whenever the value of sig_J is less than the result of the XOR operation between sig_C and the negation of the bitwise negation of sig_H, and this result is equal to the result of the OR operation between the identity comparison of sig_A and the negation of sig_J and sig_B, the assertion is true
Do not add code to output an error message string.
Enclose your SVA code with <CODE> and </CODE>. Only output the code snippet and do NOT output anything else.

Answer:
<CODE>
assert property(@(posedge clk)
	((sig_J < (sig_B == (sig_C ^ ~|sig_H))) == ((|sig_A === !sig_J) || sig_B))
);
</CODE>


Question: Create a SVA assertion that checks: Whenever sig_G is true or 1'b1 is true, within the next 3 to 6 clock cycles, the result of (sig_A not equal to (sig_H equal to sig_J)) is equal to the result of (sig_A logical AND sig_E)

Do not add code to output an error message string.
Enclose your SVA code with <CODE> and </CODE>. Only output the code snippet and do NOT output anything else.

Answer:
","cot_response
"
